id,f1,f2,f3,f4,fonte
pw_solucao_1,2555.293273291,1.0,2.0,1.52,pw
pw_solucao_16,1059.145543991,3.0,2.1,1.49,pw
pe_solucao_3,781.728381139,4.0,2.17,1.37,pe
pe_solucao_4,676.9116456970002,5.0,2.2,1.41,pe
pe_solucao_6,1339.6115120910003,2.0,2.5,1.67,pe
pe_solucao_14,634.0888095640003,7.0,2.43,1.41,pe
pe_solucao_16,650.7215583029999,6.0,2.13,1.33,pe
pe_solucao_18,626.666525823,8.0,2.23,1.53,pe
